<?xml version="1.0" encoding="UTF-8"?>
<!DOCTYPE hibernate-configuration PUBLIC "-//Hibernate/Hibernate Configuration DTD 3.0//EN" "http://hibernate.org/dtd/hibernate-configuration-3.0.dtd">
<hibernate-configuration>
    <session-factory>
        <property name="hibernate.connection.driver_class">com.mysql.cj.jdbc.Driver</property>
        <property name="hibernate.connection.url">jdbc:mysql://localhost:3306/biblioteca</property>
        <property name="hibernate.connection.username">damian</property>
        <property name="hibernate.connection.password">Rickyeselpro</property>
        <!-- Esta línea de código sólamente se utiliza para crear las tablas, 
            pero si se quiere que haya persistencia hay que comentarla después-->
        <!--<property name="hibernate.hbm2ddl.auto">create</property>-->
        <property name="hibernate.connection.pool_size">1</property>
        <property name="hibernate.current_session_context_class">thread</property>
        <property name="hibernate.show_sql">true</property>
        <property name="hibernate.dialect">org.hibernate.dialect.MySQLDialect</property>

        <!-- mapping de las clases-->
        <mapping class="entities.Libro"/>
        <mapping class="entities.Socio"/>

    </session-factory>
</hibernate-configuration>