<?xml version="1.0" encoding="UTF-8"?>
<project-private xmlns="http://www.netbeans.org/ns/project-private/1">
    <editor-bookmarks xmlns="http://www.netbeans.org/ns/editor-bookmarks/2" lastBookmarkId="0"/>
    <open-files xmlns="http://www.netbeans.org/ns/projectui-open-files/2">
        <group>
            <file>file:/home/damian/2DAM/Workspaces/NetBeans%20Workspace/AppUsoGdoSatisfaccion_HermidaDamian/src/appusogdosatisfaccion_hermidadamian/AppUsoGdoSatisfaccion.fxml</file>
            <file>file:/home/damian/2DAM/Workspaces/NetBeans%20Workspace/AppUsoGdoSatisfaccion_HermidaDamian/src/appusogdosatisfaccion_hermidadamian/AppUsoGdoSatisfaccionController.java</file>
            <file>file:/home/damian/2DAM/Workspaces/NetBeans%20Workspace/AppUsoGdoSatisfaccion_HermidaDamian/src/appusogdosatisfaccion_hermidadamian/AppUsoGdoSatisfaccion.java</file>
        </group>
    </open-files>
</project-private>
